[
  {
    "entityType": "Product",
    "productId": "LIFE_TERM",
    "productName": "Term Life Insurance",
    "category": "Life",
    "description": "Pure life protection plan providing financial support to nominee on death",
    "regulator": "IRDAI",
    "status": "ACTIVE",
    "supportedSchemes": ["TERM_SECURE", "TERM_PREMIUM"]
  },
  {
    "entityType": "Product",
    "productId": "HOME_INSURANCE",
    "productName": "Home Insurance",
    "category": "Property",
    "description": "Comprehensive home protection plan covering structure and contents against fire, theft, natural disasters, and accidental damage",
    "regulator": "IRDAI",
    "status": "ACTIVE",
    "supportedSchemes": ["HOME_BASIC", "HOME_COMPREHENSIVE"]
  }
,  

  {
    "entityType": "Scheme",
    "schemeId": "TERM_SECURE",
    "productId": "LIFE_TERM",
    "schemeName": "Term Secure Plan",
    "eligibilityRules": {
      "minEntryAge": 18,
      "maxEntryAge": 60,
      "maxMaturityAge": 80,
      "allowedOccupations": ["Salaried", "SelfEmployed", "Professional"]
    },
    "coverageOptions": {
      "sumAssuredRange": {
        "min": 500000,
        "max": 50000000
      },
      "policyTermRangeYears": {
        "min": 5,
        "max": 40
      },
      "deathBenefitTypes": ["Level", "Increasing"]
    },
    "premiumModel": {
      "calculationMethod": "RiskBasedPricing",
      "premiumFrequencies": ["Monthly", "Quarterly", "Annual"],
      "pricingFactors": [
        "Age",
        "Gender",
        "SmokingStatus",
        "OccupationRisk",
        "MedicalHistory"
      ]
    },
    "availableRiders": [
      "ACCIDENTAL_DEATH",
      "CRITICAL_ILLNESS",
      "WAIVER_OF_PREMIUM"
    ]
  },

  {
    "entityType": "Product",
    "productId": "HEALTH_INDIVIDUAL",
    "productName": "Individual Health Insurance",
    "category": "Health",
    "description": "Covers hospitalization and medical treatment expenses",
    "status": "ACTIVE",
    "supportedSchemes": ["HEALTH_STANDARD", "HEALTH_PREMIUM"]
  },

  {
    "entityType": "Scheme",
    "schemeId": "HEALTH_STANDARD",
    "productId": "HEALTH_INDIVIDUAL",
    "schemeName": "Health Standard Plan",
    "eligibilityRules": {
      "minEntryAge": 0,
      "maxEntryAge": 65
    },
    "coverageOptions": {
      "sumInsuredRange": {
        "min": 100000,
        "max": 2000000
      },
      "roomRentLimit": "1% of sum insured",
      "preHospitalizationDays": 30,
      "postHospitalizationDays": 60
    },
    "waitingPeriods": {
      "preExistingDiseaseYears": 3,
      "maternityYears": 2
    },
    "premiumModel": {
      "pricingFactors": [
        "Age",
        "CityTier",
        "LifestyleDiseases",
        "FamilySize"
      ]
    },
    "availableAddOns": [
      "MaternityCover",
      "OPDCover",
      "CriticalIllnessAddOn"
    ]
  },

  {
    "entityType": "Product",
    "productId": "MOTOR_CAR",
    "productName": "Car Insurance",
    "category": "Motor",
    "description": "Provides coverage for car damage and third-party liability",
    "status": "ACTIVE",
    "supportedSchemes": ["CAR_COMPREHENSIVE", "CAR_THIRD_PARTY"]
  },

  {
    "entityType": "Scheme",
    "schemeId": "CAR_COMPREHENSIVE",
    "productId": "MOTOR_CAR",
    "schemeName": "Comprehensive Car Insurance",
    "eligibilityRules": {
      "vehicleAgeMaxYears": 15,
      "allowedVehicleTypes": ["PrivateCar"]
    },
    "coverageOptions": {
      "ownDamage": true,
      "thirdPartyLiability": true,
      "theftProtection": true,
      "naturalDisasterCoverage": true
    },
    "premiumModel": {
      "pricingFactors": [
        "VehicleMake",
        "VehicleModel",
        "VehicleAge",
        "EngineCapacity",
        "Location"
      ]
    },
    "availableAddOns": [
      "ZeroDepreciation",
      "EngineProtection",
      "RoadsideAssistance"
    ]
  },

  {
    "entityType": "Product",
    "productId": "TRAVEL_INTL",
    "productName": "International Travel Insurance",
    "category": "Travel",
    "description": "Coverage for overseas travel risks and emergencies",
    "status": "ACTIVE",
    "supportedSchemes": ["TRAVEL_SINGLE_TRIP", "TRAVEL_MULTI_TRIP"]
  },

  {
    "entityType": "Scheme",
    "schemeId": "TRAVEL_SINGLE_TRIP",
    "productId": "TRAVEL_INTL",
    "schemeName": "Single Trip Travel Plan",
    "eligibilityRules": {
      "maxTripDurationDays": 180,
      "maxEntryAge": 70
    },
    "coverageOptions": {
      "medicalEmergencyCoverage": true,
      "tripCancellationCoverage": true,
      "lostBaggageCoverage": true,
      "flightDelayCoverage": true
    },
    "premiumModel": {
      "pricingFactors": [
        "DestinationRegion",
        "TripDuration",
        "TravellerAge"
      ]
    }
  },

  {
    "entityType": "Rider",
    "riderCode": "ACCIDENTAL_DEATH",
    "riderName": "Accidental Death Benefit",
    "applicableProducts": ["LIFE_TERM"],
    "coverageDescription": "Additional payout on accidental death",
    "pricingFactors": ["Age", "OccupationRisk"]
  },

  {
    "entityType": "Rider",
    "riderCode": "CRITICAL_ILLNESS",
    "riderName": "Critical Illness Rider",
    "applicableProducts": ["LIFE_TERM", "HEALTH_INDIVIDUAL"],
    "coveredDiseases": [
      "Cancer",
      "HeartAttack",
      "KidneyFailure",
      "Stroke"
    ]
  },

  {
    "entityType": "Offer",
    "offerId": "ONLINE_DISCOUNT",
    "offerName": "Online Purchase Discount",
    "applicableProducts": ["LIFE_TERM", "HEALTH_INDIVIDUAL"],
    "discountType": "PremiumPercentage",
    "discountValue": 5,
    "eligibilityRules": {
      "channel": "Online"
    },
    "validity": {
      "startDate": "2026-01-01",
      "endDate": "2026-12-31"
    }
  },

  {
    "entityType": "Offer",
    "offerId": "HIGH_SUM_ASSURED_DISCOUNT",
    "offerName": "High Coverage Discount",
    "applicableSchemes": ["TERM_SECURE"],
    "discountType": "PremiumPercentage",
    "discountValue": 7,
    "eligibilityRules": {
      "minSumAssured": 2500000
    }
  }
]
