{
  "user_id": "USR102938",
  "personal_details": {
    "first_name": "Joseph",
    "last_name": "Pauly",
    "date_of_birth": "1995-06-14",
    "marital_status": "UnMarried",
    "nationality": "Amarican",
    "aadhaar_number": "XXXX-XXXX-4587",
    "pan_number": "ABCDE1234F",
    "contact_details": {
      "email": "joseph.pauly@email.com",
      "phone": "+91-9876543210"
    },
    "address": {
      "street": "MG Road",
      "city": "Kochi",
      "state": "Kerala",
      "pincode": "682016",
      "country": "India"
    },
    "kyc_status": "Verified",
    "created_at": "2025-03-11T10:30:00Z"
  },
  "policies": [
    {
      "policy_id": "POL556677",
      "policy_type": "Health Insurance",
      "plan_name": "Family Health Plus",
      "sum_insured": 1000000,
      "premium_amount": 15000,
      "premium_frequency": "Yearly",
      "policy_start_date": "2025-04-01",
      "policy_end_date": "2026-03-31",
      "policy_status": "Active",
      "nominees": [
        {
          "name": "Anjali Nair",
          "relationship": "Spouse",
          "percentage_share": 100
        }
      ],
      "claims": [
        {
          "claim_id": "CLM90012",
          "claim_type": "Hospitalization",
          "claim_amount": 45000,
          "claim_status": "Approved",
          "claim_date": "2025-08-14",
          "hospital_name": "Aster Medcity"
        }
      ]
    }
  ],
  "financial_details": {
    "income_details": {
      "annual_income": 900000,
      "occupation": "Software Engineer",
      "employer": "Infosys Ltd",
      "employment_type": "Salaried"
    },
    "payment_details": {
      "payment_method": "UPI",
      "last_payment_date": "2025-04-01",
      "next_due_date": "2026-04-01",
      "auto_debit_enabled": true
    }
  },
  "health_profile": {
    "height_cm": 175,
    "weight_kg": 78,
    "smoker": false,
    "alcohol_consumption": "Occasional",
    "pre_existing_conditions": [
      "Hypertension"
    ],
    "family_medical_history": [
      "Sugar"
    ]
  },
  "documents": [
    {
      "document_type": "KYC",
      "document_name": "Aadhaar Card",
      "file_url": "https://storage.insurance.com/docs/aadhaar_usr102938.pdf",
      "uploaded_at": "2025-03-11"
    }
  ],
  "preferences": {
    "communication_preferences": {
      "email_notifications": true,
      "sms_notifications": true,
      "whatsapp_notifications": false
    },
    "data_consent": {
      "marketing_consent": false,
      "data_processing_consent": true
    }
  }
}
