[
  {
    "entityType": "Product",
    "productId": "LIFE_TERM",
    "productName": "Term Life Insurance",
    "category": "Life",
    "description": "Pure life protection plan providing financial support to nominee on death",
    "regulator": "IRDAI",
    "status": "ACTIVE",
    "supportedSchemes": ["TERM_SECURE", "TERM_PREMIUM"]
  },
  {
    "entityType": "Product",
    "productId": "HOME_INSURANCE",
    "productName": "Home Insurance",
    "category": "Property",
    "description": "Comprehensive home protection plan covering structure and contents against fire, theft, natural disasters, and accidental damage",
    "regulator": "IRDAI",
    "status": "ACTIVE",
    "supportedSchemes": ["HOME_BASIC", "HOME_COMPREHENSIVE"]
  },
  {
    "entityType": "Product",
    "productId": "HEALTH_INDIVIDUAL",
    "productName": "Individual Health Insurance",
    "category": "Health",
    "description": "Covers hospitalization and medical treatment expenses",
    "status": "ACTIVE",
    "supportedSchemes": ["HEALTH_STANDARD", "HEALTH_PREMIUM"]
  },
  {
    "entityType": "Product",
    "productId": "MOTOR_CAR",
    "productName": "Car Insurance",
    "category": "Motor",
    "description": "Provides coverage for car damage and third-party liability",
    "status": "ACTIVE",
    "supportedSchemes": ["CAR_COMPREHENSIVE", "CAR_THIRD_PARTY"]
  },
  {
    "entityType": "Product",
    "productId": "TRAVEL_INTL",
    "productName": "International Travel Insurance",
    "category": "Travel",
    "description": "Coverage for overseas travel risks and emergencies",
    "status": "ACTIVE",
    "supportedSchemes": ["TRAVEL_SINGLE_TRIP", "TRAVEL_MULTI_TRIP"]
  },

  {
    "entityType": "Product",
    "productId": "PERSONAL_ACCIDENT",
    "productName": "Personal Accident Insurance",
    "category": "Accident",
    "description": "Financial protection in case of accidental death or disability",
    "status": "ACTIVE",
    "supportedSchemes": ["PA_STANDARD", "PA_PREMIUM"]
  },
  {
    "entityType": "Product",
    "productId": "CYBER_INSURANCE",
    "productName": "Cyber Insurance",
    "category": "Specialty",
    "description": "Coverage against cyber attacks, data breaches, and digital theft",
    "status": "ACTIVE",
    "supportedSchemes": ["CYBER_BASIC", "CYBER_PREMIUM"]
  },
  {
    "entityType": "Product",
    "productId": "MOTOR_TWO_WHEELER",
    "productName": "Two-Wheeler Insurance",
    "category": "Motor",
    "description": "Coverage for motorcycles and scooters against damage and third-party liability",
    "status": "ACTIVE",
    "supportedSchemes": ["TWO_WHEELER_COMPREHENSIVE", "TWO_WHEELER_THIRD_PARTY"]
  },
  {
    "entityType": "Product",
    "productId": "CHILD_EDUCATION",
    "productName": "Child Education Plan",
    "category": "Life",
    "description": "Helps secure funds for child's future education with life cover benefits",
    "status": "ACTIVE",
    "supportedSchemes": ["CHILD_EDU_STANDARD", "CHILD_EDU_PREMIUM"]
  },
  {
    "entityType": "Product",
    "productId": "RETIREMENT_PLAN",
    "productName": "Retirement / Pension Plan",
    "category": "Life",
    "description": "Provides steady income post-retirement",
    "status": "ACTIVE",
    "supportedSchemes": ["RETIREMENT_STANDARD", "RETIREMENT_PREMIUM"]
  },

  
  {
    "entityType": "Scheme",
    "schemeId": "TERM_SECURE",
    "productId": "LIFE_TERM",
    "schemeName": "Term Secure Plan",
    "eligibilityRules": {
      "minEntryAge": 18,
      "maxEntryAge": 60,
      "maxMaturityAge": 80,
      "allowedOccupations": ["Salaried", "SelfEmployed", "Professional"]
    },
    "coverageOptions": {
      "sumAssuredRange": {"min": 500000, "max": 50000000},
      "policyTermRangeYears": {"min": 5, "max": 40},
      "deathBenefitTypes": ["Level", "Increasing"]
    },
    "premiumModel": {
      "calculationMethod": "RiskBasedPricing",
      "premiumFrequencies": ["Monthly", "Quarterly", "Annual"],
      "pricingFactors": ["Age", "Gender", "SmokingStatus", "OccupationRisk", "MedicalHistory"]
    },
    "availableRiders": ["ACCIDENTAL_DEATH", "CRITICAL_ILLNESS", "WAIVER_OF_PREMIUM"]
  },
  {
    "entityType": "Scheme",
    "schemeId": "HEALTH_STANDARD",
    "productId": "HEALTH_INDIVIDUAL",
    "schemeName": "Health Standard Plan",
    "eligibilityRules": {"minEntryAge": 0, "maxEntryAge": 65},
    "coverageOptions": {
      "sumInsuredRange": {"min": 100000, "max": 2000000},
      "roomRentLimit": "1% of sum insured",
      "preHospitalizationDays": 30,
      "postHospitalizationDays": 60
    },
    "waitingPeriods": {"preExistingDiseaseYears": 3, "maternityYears": 2},
    "premiumModel": {"pricingFactors": ["Age", "CityTier", "LifestyleDiseases", "FamilySize"]},
    "availableAddOns": ["MaternityCover", "OPDCover", "CriticalIllnessAddOn"]
  },

  
  {
    "entityType": "Scheme",
    "schemeId": "PA_STANDARD",
    "productId": "PERSONAL_ACCIDENT",
    "schemeName": "Personal Accident Standard",
    "eligibilityRules": {"minEntryAge": 18, "maxEntryAge": 65},
    "coverageOptions": {"sumAssuredRange": {"min": 100000, "max": 1000000}, "accidentalDeath": true, "permanentDisability": true},
    "premiumModel": {"pricingFactors": ["Age", "OccupationRisk"]}
  },
  {
    "entityType": "Scheme",
    "schemeId": "CYBER_BASIC",
    "productId": "CYBER_INSURANCE",
    "schemeName": "Cyber Basic Plan",
    "eligibilityRules": {"maxEntryAge": 65},
    "coverageOptions": {"dataBreachCoverage": true, "ransomwareCoverage": true},
    "premiumModel": {"pricingFactors": ["CompanySize", "Industry", "Revenue"]}
  },
  {
    "entityType": "Scheme",
    "schemeId": "TWO_WHEELER_COMPREHENSIVE",
    "productId": "MOTOR_TWO_WHEELER",
    "schemeName": "Comprehensive Two-Wheeler Insurance",
    "eligibilityRules": {"vehicleAgeMaxYears": 10, "allowedVehicleTypes": ["Motorbike", "Scooter"]},
    "coverageOptions": {"ownDamage": true, "thirdPartyLiability": true, "theftProtection": true, "naturalDisasterCoverage": true},
    "premiumModel": {"pricingFactors": ["VehicleMake", "VehicleModel", "VehicleAge", "EngineCapacity", "Location"]}
  },
  {
    "entityType": "Scheme",
    "schemeId": "CHILD_EDU_STANDARD",
    "productId": "CHILD_EDUCATION",
    "schemeName": "Child Education Standard",
    "eligibilityRules": {"minEntryAge": 0, "maxEntryAge": 45},
    "coverageOptions": {"sumAssuredRange": {"min": 500000, "max": 5000000}, "policyTermRangeYears": {"min": 10, "max": 25}},
    "premiumModel": {"pricingFactors": ["Age", "Income", "NumberOfChildren"]}
  },
  {
    "entityType": "Scheme",
    "schemeId": "RETIREMENT_STANDARD",
    "productId": "RETIREMENT_PLAN",
    "schemeName": "Retirement Standard Plan",
    "eligibilityRules": {"minEntryAge": 25, "maxEntryAge": 60},
    "coverageOptions": {"retirementAge": 60, "monthlyPensionRange": {"min": 5000, "max": 100000}},
    "premiumModel": {"pricingFactors": ["Age", "Income", "DesiredPension"]}
  }
]
