[
    {
      "article_id": "a1b2c3d4wildfireuk001",
      "link": "https://newsdemo.com/uk-wildfire-emergency",
      "title": "Massive Wildfire Spreads Across Northern UK Forest Region",
      "description": "Authorities evacuate nearby towns as wildfire spreads rapidly due to dry weather conditions.",
      "content": "Emergency services across Northern UK are battling a rapidly spreading wildfire that has engulfed large forest areas. Residents from nearby villages have been evacuated as a precaution. Authorities have issued warnings about air quality and travel restrictions.",
      "keywords": [
        "wildfire",
        "emergency",
        "uk",
        "evacuation",
        "climate"
      ],
      "creator": [
        "newsdemo newsroom"
      ],
      "language": "english",
      "country": [
        "united kingdom"
      ],
      "category": [
        "environment",
        "disaster"
      ],
      "datatype": "news",
      "pubDate": "2026-02-12 08:30:00",
      "pubDateTZ": "UTC",
      "fetched_at": "2026-02-12 09:00:00",
      "image_url": "https://newsdemo.com/images/uk_wildfire.jpg",
      "video_url": null,
      "source_id": "newsdemo",
      "source_name": "News Demo",
      "source_priority": 15000,
      "source_url": "https://newsdemo.com",
      "source_icon": "https://newsdemo.com/icon.png",
      "sentiment": "negative",
      "sentiment_stats": {
        "positive": 10,
        "neutral": 20,
        "negative": 70
      },
      "ai_tag": ["climate risk", "natural disaster"],
      "ai_region": ["europe"],
      "ai_org": ["UK Fire Services"],
      "ai_summary": "Wildfire in Northern UK causes evacuations and raises climate-related concerns.",
      "duplicate": false
    },
  
    {
      "article_id": "womensinsurance002",
      "link": "https://newsdemo.com/insurance-women-special",
      "title": "Insurance Companies Launch Tailored Health Policies for Women",
      "description": "New insurance plans focus on maternity benefits, cancer coverage, and wellness programs.",
      "content": "Multiple insurance providers have introduced specialized insurance plans focusing on women's healthcare needs. The policies include maternity coverage, critical illness coverage for breast and cervical cancer, and wellness support programs.",
      "keywords": [
        "insurance",
        "women",
        "health policy",
        "maternity",
        "wellness"
      ],
      "creator": [
        "finance today"
      ],
      "language": "english",
      "country": [
        "india",
        "united states"
      ],
      "category": [
        "insurance",
        "health"
      ],
      "datatype": "news",
      "pubDate": "2026-02-12 07:00:00",
      "pubDateTZ": "UTC",
      "fetched_at": "2026-02-12 07:45:00",
      "image_url": "https://newsdemo.com/images/women_insurance.jpg",
      "video_url": null,
      "source_id": "financetoday",
      "source_name": "Finance Today",
      "source_priority": 14500,
      "source_url": "https://newsdemo.com",
      "source_icon": "https://newsdemo.com/icon.png",
      "sentiment": "positive",
      "sentiment_stats": {
        "positive": 65,
        "neutral": 30,
        "negative": 5
      },
      "ai_tag": ["insurance innovation", "women empowerment"],
      "ai_region": ["asia", "north america"],
      "ai_org": ["Global Insurance Alliance"],
      "ai_summary": "Insurers release women-focused health insurance policies with expanded benefits.",
      "duplicate": false
    },
  
    {
      "article_id": "floodwarningindia003",
      "link": "https://newsdemo.com/india-flood-alert",
      "title": "Heavy Rainfall Triggers Flood Warning Across Southern India",
      "description": "Meteorological department issues red alert as heavy rains cause rising water levels in major rivers.",
      "content": "Several districts in Southern India have been placed under flood alert following continuous heavy rainfall. Authorities have advised residents in low-lying areas to move to relief camps as precautionary measures are implemented.",
      "keywords": [
        "flood",
        "rainfall",
        "india",
        "weather",
        "alert"
      ],
      "creator": [
        "weather central"
      ],
      "language": "english",
      "country": [
        "india"
      ],
      "category": [
        "weather",
        "disaster"
      ],
      "datatype": "news",
      "pubDate": "2026-02-12 05:30:00",
      "pubDateTZ": "UTC",
      "fetched_at": "2026-02-12 06:00:00",
      "image_url": "https://newsdemo.com/images/flood_india.jpg",
      "video_url": null,
      "source_id": "weathercentral",
      "source_name": "Weather Central",
      "source_priority": 13000,
      "source_url": "https://newsdemo.com",
      "source_icon": "https://newsdemo.com/icon.png",
      "sentiment": "negative",
      "sentiment_stats": {
        "positive": 5,
        "neutral": 25,
        "negative": 70
      },
      "ai_tag": ["natural disaster", "flood risk"],
      "ai_region": ["asia"],
      "ai_org": ["Indian Meteorological Department"],
      "ai_summary": "Southern India faces flood alerts due to continuous heavy rainfall.",
      "duplicate": false
    },
  
    {
      "article_id": "cyberinsurancegrowth004",
      "link": "https://newsdemo.com/cyber-insurance-demand",
      "title": "Demand for Cyber Insurance Rises as Businesses Face Increasing Attacks",
      "description": "Organizations are investing more in cyber insurance policies following rise in ransomware attacks.",
      "content": "With increasing cyberattacks targeting businesses worldwide, demand for cyber insurance has grown significantly. Experts recommend businesses secure policies that cover ransomware, data breaches, and operational disruptions.",
      "keywords": [
        "cybersecurity",
        "insurance",
        "data breach",
        "ransomware",
        "technology"
      ],
      "creator": [
        "tech secure news"
      ],
      "language": "english",
      "country": [
        "global"
      ],
      "category": [
        "technology",
        "insurance"
      ],
      "datatype": "news",
      "pubDate": "2026-02-11 22:00:00",
      "pubDateTZ": "UTC",
      "fetched_at": "2026-02-11 22:30:00",
      "image_url": "https://newsdemo.com/images/cyber_insurance.jpg",
      "video_url": null,
      "source_id": "techsecurenews",
      "source_name": "Tech Secure News",
      "source_priority": 15500,
      "source_url": "https://newsdemo.com",
      "source_icon": "https://newsdemo.com/icon.png",
      "sentiment": "neutral",
      "sentiment_stats": {
        "positive": 40,
        "neutral": 45,
        "negative": 15
      },
      "ai_tag": ["cyber risk", "insurance adoption"],
      "ai_region": ["global"],
      "ai_org": ["International Cyber Security Forum"],
      "ai_summary": "Businesses increasingly adopt cyber insurance due to growing ransomware threats.",
      "duplicate": false
    }
  ]
  